{
  "specName": "src%2Fintegration%2Fe2e-cypress%2Ftests%2Fcalling%2Fds%2Fusers%2Fauto-assign-template_spec.ts",
  "title": "Should navigate to \"Assign Numbers\"",
  "suiteName": "Verify add users flow with paid calling license selected in template",
  "testId": "r25",
  "testName": "auto-assign-template Verify add users flow with paid calling license selected in template Should navigate to \"Assign Numbers\"",
  "testError": "Timed out retrying after 60000ms: Expected to find element: `[data-test-id=\"assignNumberTitle\"]`, but never found it.",
  "testCommands": [
    "clearLocalStorage ",
    "window ",
    "get [data-test-id=\"multiStepModal-nextButton\"]",
    "assert expected **<button.mch-button.mch-button--default.mch-button--normal-primary.ng-star-inserted>** to be **enabled**",
    "get [data-test-id=\"multiStepModal-nextButton\"]",
    "click {force: true}",
    "get [data-test-id=\"assignNumberTitle\"]",
    "assert expected **[data-test-id=\"assignNumberTitle\"]** to be **visible**",
    "request [data-test-id=\"assignNumberTitle\"], {timeout: 60000}"
  ],
  "screenshot": "should-navigate-to-assign-numbers (failed).png"
}
