{
  "specName": "src%2Fintegration%2Fe2e-cypress%2Ftests%2Fcalling%2Fds%2Fusers%2Ffs-call-waiting_spec.ts",
  "title": "should enable \"Call waiting\" toggle in \"Call handling\" section",
  "suiteName": "Call waiting component",
  "testId": "r7",
  "testName": "fs-call-waiting Call waiting component should enable \"Call waiting\" toggle in \"Call handling\" section",
  "testError": "Timed out retrying after 2000ms: Expected to find element: `[data-test-id=\"save-cancel-bar--save\"]`, but never found it.",
  "testCommands": [
    "clearLocalStorage ",
    "window ",
    "get body",
    "wrap No spinner to wait on",
    "get [data-test-name=\"md-toggle-switch__label-callWaitingToggle\"]",
    "scrollIntoView ",
    "get [htmlid=client-user-settings--advanced-features--call-waiting] [data-test-name=toggleSwitchInput]",
    "assert expected **<input#client-user-settings--advanced-features--call-waiting.md-toggle-switch__input>** not to be **checked**",
    "get [data-test-name=\"md-toggle-switch__label-callWaitingToggle\"]",
    "assert expected **<label.md-toggle-switch__label.md-toggle-switch__label--after>** to be **visible**",
    "click {multiple: true}",
    "request {multiple: true}",
    "get [data-test-id=\"save-cancel-bar--save\"]",
    "request [data-test-id=\"save-cancel-bar--save\"], {timeout: 2000}",
    "request [data-test-id=\"save-cancel-bar--save\"], {timeout: 2000}",
    "request [data-test-id=\"save-cancel-bar--save\"], {timeout: 2000}",
    "request [data-test-id=\"save-cancel-bar--save\"], {timeout: 2000}"
  ],
  "screenshot": "should-enable-call-waiting-toggle-in-call-handling-section (failed).png"
}
