{
  "specName": "src%2Fintegration%2Fe2e-cypress%2Ftests%2Fby-code-owners%2Fatlas-wxcc-desktop-experience%2Fdial-plans_spec.ts",
  "title": "Reference on Desktop Profile",
  "suiteName": "Contact center Dial Plans as an Admin Only",
  "testId": "r9",
  "testName": "Contact center Dial Plans as an Admin Only Reference on Desktop Profile",
  "testError": "Timed out retrying after 60000ms: expected '<mch-token-field.md-input-container.medium-10.md-input__wrapper.ng-pristine.ng-valid.ng-touched>' to be 'visible'\n\nThis element `<mch-token-field.md-input-container.medium-10.md-input__wrapper.ng-pristine.ng-valid.ng-touched>` is not visible because it has CSS property: `position: fixed` and it's being covered by another element:\n\n`<div _ngcontent-ng-c2408152838=\"\" mchtooltipdisabled=\"!disabledOptionTooltip || !disabled\" mchtooltipdirection=\"right\" class=\"md-list-item ng-star-inserted\" aria-label=\"CyDialPlan-Test-1747355351029-Updated\" disabled=\"false\">...</div>`",
  "testCommands": [
    "clearLocalStorage ",
    "window ",
    "get [data-test-name=\"agentProfile\"]",
    "scrollIntoView {easing: linear}",
    "assert expected **<li.mch-sidenav-item.ng-star-inserted>** to be **visible**",
    "get [data-test-name=\"agentProfile\"]",
    "click ",
    "get [data-test-id=\"cjpAgentProfileList\"]",
    "assert expected **[data-test-id=\"cjpAgentProfileList\"]** to be **visible**",
    "xhr  POST https://wap-notification-service-intb.ciscospark.com/wpns/api/v2/notifications/search?orgId=88183da1-7f06-4e69-8126-88fac56edc37",
    "new url https://admin-int.webex.com/wxcc/desktop-experience/desktop-profiles",
    "get .p-datatable-loading, .p-datatable-loading-icon",
    "assert expected **<svg.p-datatable-loading-icon.p-icon.p-icon-spin>** not to exist in the DOM",
    "request .p-datatable-loading, .p-datatable-loading-icon, {timeout: 60000}",
    "request .p-datatable-loading, .p-datatable-loading-icon, {timeout: 60000}",
    "get [data-test-id=\"cjpListHeaderButton\"]",
    "click ",
    "xhr  POST https://int-first-general.svc.webex.com/metrics/api/v1/clientmetrics",
    "request ",
    "request ",
    "request ",
    "request ",
    "request ",
    "request ",
    "request ",
    "get [data-test-id=\"agentProfileName\"]",
    "assert expected **<input#md-input-10.cdk-text-field-autofill-monitored.ng-untouched.ng-pristine.ng-invalid.md-input>** to be **visible**",
    "get [data-test-id=\"agentProfileName\"]",
    "clear {force: true}",
    "request {force: true}",
    "request {force: true}",
    "request {force: true}",
    "request {force: true}",
    "request {force: true}",
    "request {force: true}",
    "request {force: true}",
    "request {force: true}",
    "type DesktopProfile-DialPlan-Test-1747416333413, {force: true}",
    "request DesktopProfile-DialPlan-Test-1747416333413, {force: true}",
    "request DesktopProfile-DialPlan-Test-1747416333413, {force: true}",
    "request DesktopProfile-DialPlan-Test-1747416333413, {force: true}",
    "request DesktopProfile-DialPlan-Test-1747416333413, {force: true}",
    "xhr  POST https://int-first-general.svc.webex.com/metrics/api/v1/clientmetrics",
    "get [data-test-name=\"agentProfileCreateNextButton\"]",
    "click ",
    "get [data-test-name=\"agentProfileCreateNextButton\"]",
    "click ",
    "get [data-test-name=\"agentProfileCreateNextButton\"]",
    "click ",
    "contains Dial Plans",
    "get [data-test-id=\"agentProfileDialPlanEnabled\"] input",
    "check {force: true}",
    "get [data-test-id=\"dialPlans\"] .icon-arrow-down_20",
    "click ",
    "get [data-test-id=\"dialPlans\"]",
    "assert expected **<mch-token-field.md-input-container.medium-10.md-input__wrapper.ng-pristine.ng-valid.ng-touched>** to be **visible**",
    "request [data-test-id=\"dialPlans\"], {timeout: 60000}",
    "request [data-test-id=\"dialPlans\"], {timeout: 60000}"
  ],
  "screenshot": "reference-on-desktop-profile (failed).png"
}
