{
  "specName": "src%2Fintegration%2Fe2e-cypress%2Ftests%2Fcalling%2Fds%2Fdevices%2Fdevice-management%2Fline-key-layouts-touch-screen_spec.ts",
  "title": "should open Configure Layout modal - layouts1",
  "suiteName": "Configure Line Key Layout Modal - Default Mode Flow",
  "testId": "r6",
  "testName": "line-key-layouts-touch-screen Line Key Management Flow Configure Line Key Layout Modal - Default Mode Flow should open Configure Layout modal - layouts1",
  "testError": "Timed out retrying after 60000ms: Expected to find element: `[data-test-id=\"configureTemplateLayout-manage\"]`, but never found it.",
  "testCommands": [
    "clearLocalStorage ",
    "window ",
    "get [data-test-id=\"configureTemplateLayout-manage\"]",
    "request [data-test-id=\"configureTemplateLayout-manage\"], {timeout: 60000}",
    "request [data-test-id=\"configureTemplateLayout-manage\"], {timeout: 60000}",
    "request [data-test-id=\"configureTemplateLayout-manage\"], {timeout: 60000}",
    "request [data-test-id=\"configureTemplateLayout-manage\"], {timeout: 60000}",
    "xhr  POST https://prod-afra-general.svc.webex.com/metrics/api/v1/clientmetrics",
    "request [data-test-id=\"configureTemplateLayout-manage\"], {timeout: 60000}",
    "request [data-test-id=\"configureTemplateLayout-manage\"], {timeout: 60000}",
    "request [data-test-id=\"configureTemplateLayout-manage\"], {timeout: 60000}",
    "request [data-test-id=\"configureTemplateLayout-manage\"], {timeout: 60000}",
    "request [data-test-id=\"configureTemplateLayout-manage\"], {timeout: 60000}",
    "xhr  POST https://prod-afra-general.svc.webex.com/metrics/api/v1/clientmetrics"
  ],
  "screenshot": "should-open-configure-layout-modal-layouts-1 (failed).png"
}
