{
  "specName": "src%2Fintegration%2Fe2e-cypress%2Ftests%2Fcalling%2Fds%2Fdevices%2Fdevice-settings%2Fdevice-level-mpp_spec.ts",
  "title": "should turn off 802.1x switch",
  "suiteName": "Use Custom MPP settings",
  "testId": "r13",
  "testName": "device-level-mpp Devices Device Level Flow MPP Device Settings Use Custom MPP settings should turn off 802.1x switch",
  "testError": "Timed out retrying after 60000ms: Expected to find element: `[data-test-id=\"confirmDeviceSettingSave\"]`, but never found it.",
  "testCommands": [
    "clearLocalStorage ",
    "window ",
    "get [data-test-id=\"pnacEnabled-switch-mpp\"] label",
    "assert expected **<label.md-toggle-switch__label.md-toggle-switch__label--after>** to be **visible**",
    "click {multiple: true}",
    "get [data-test-id=\"confirmDeviceSettingSave\"]",
    "assert expected **[data-test-id=\"confirmDeviceSettingSave\"]** to be **visible**"
  ],
  "screenshot": "should-turn-off-802-1-x-switch (failed).png"
}
