{
  "specName": "src%2Fintegration%2Fe2e-cypress%2Ftests%2Fcalling%2Fds%2Fdevices%2Fdevice-management%2Fline-key-management-templates_spec.ts",
  "title": "should Create Line Key Template",
  "suiteName": "Line Key Management Flow",
  "testId": "r5",
  "testName": "line-key-management-templates Line Key Management Flow should Create Line Key Template",
  "testError": "Timed out retrying after 6050ms: `cy.click()` failed because this element:\n\n`<button mdbutton=\"\" class=\"md-button md-button--32 md-button--icon ng-star-inserted\" aria-label=\"Close\" active=\"false\" href=\"\" tabindex=\"0\" type=\"button\">...</button>`\n\nis being covered by another element:\n\n`<div _ngcontent-ng-c2085960076=\"\" class=\"mch-step-content ng-trigger ng-trigger-stepTransition ng-tns-c2085960076-19 ng-star-inserted mch-step-content--selected\" id=\"cdk-step-content-0-3\" style=\"visibility: visible;\">...</div>`\n\nFix this problem, or use {force: true} to disable error checking.\n\nhttps://on.cypress.io/element-cannot-be-interacted-with",
  "testCommands": [
    "clearLocalStorage ",
    "window ",
    "get [data-test-id=\"createLineKeyTemplate\"]",
    "scrollIntoView ",
    "get [data-test-id=\"createLineKeyTemplate\"]",
    "click ",
    "request ",
    "get [data-test-id=\"createTemplateStepper\"]",
    "assert expected **<mch-modal-stepper.mch-stepper-horizontal.mch-page-horizontal.ng-tns-c2085960076-19.ng-star-inserted>** to be **visible**",
    "get [data-test-id=\"createWizardTemplateName\"]",
    "assert expected **<input#md-input-14.cdk-text-field-autofill-monitored.ng-untouched.ng-pristine.ng-invalid.md-input>** to be **visible**",
    "type New Wizard{enter}",
    "xhr  POST https://prod-afra-general.svc.webex.com/metrics/api/v1/clientmetrics",
    "get [data-test-id=\"createWizardTemplateDeviceModel\"]",
    "first ",
    "scrollIntoView ",
    "assert expected **<md-select.md-input-container.md-select.ng-untouched.ng-pristine.ng-invalid>** to be **visible**",
    "click ",
    "get md-select-item .md-list-item",
    "contains Cisco 6821",
    "first ",
    "click {force: true}",
    "wait 2000",
    "xhr  POST https://cpapi-k.wbx2.com/api/v1/customers/3cb9811a-2927-44e2-add2-e839e55ef5b6/devices/linekeytemplates/actions/validate/invoke",
    "get [data-test-id=\"firstNextButtonWizardCreateTemplate\"]",
    "assert expected **<button.md-margin__right--s.mch-button.mch-button--default.mch-button--normal-primary.ng-star-inserted>** to be **enabled**",
    "get [data-test-id=\"firstNextButtonWizardCreateTemplate\"]",
    "click ",
    "get [data-test-id=\"assignmentDropdown-2\"]",
    "first ",
    "scrollIntoView ",
    "assert expected **<md-select.md-input-container.md-select.ng-untouched.ng-pristine.ng-valid.ng-star-inserted>** to be **visible**",
    "click ",
    "get md-select-item .md-list-item",
    "contains Speed dial",
    "first ",
    "scrollIntoView ",
    "assert expected **<div.md-list-item.ng-star-inserted>** to be **visible**",
    "click ",
    "xhr  POST https://prod-afra-general.svc.webex.com/metrics/api/v1/clientmetrics",
    "get [data-test-id=\"createTemplateSpeedDialLabel\"]",
    "assert expected **<input#md-input-16.cdk-text-field-autofill-monitored.ng-untouched.ng-dirty.ng-invalid.md-dirty.md-input.md-input--after>** to be **visible**",
    "type Label{enter}",
    "wait 2000",
    "xhr  POST https://prod-afra-general.svc.webex.com/metrics/api/v1/clientmetrics",
    "get [data-test-id=\"createTemplateSpeedDialValue\"]",
    "assert expected **<input#md-input-17.cdk-text-field-autofill-monitored.ng-untouched.ng-dirty.ng-invalid.md-dirty.md-input>** to be **visible**",
    "type 3678{enter}",
    "wait 2000",
    "xhr  POST https://prod-afra-general.svc.webex.com/metrics/api/v1/clientmetrics",
    "get [data-test-id=\"secondNextButtonWizardCreateTemplate\"]",
    "assert expected **<button.md-margin__right--s.mch-button.mch-button--default.mch-button--normal-primary.ng-star-inserted>** to be **enabled**",
    "get [data-test-id=\"secondNextButtonWizardCreateTemplate\"]",
    "click ",
    "get [data-test-id=\"submitButtonWizardCreateTemplate\"]",
    "assert expected **<button.md-margin__right--s.mch-button.mch-button--default.mch-button--normal-primary.ng-star-inserted>** to be **enabled**",
    "get [data-test-id=\"submitButtonWizardCreateTemplate\"]",
    "scrollIntoView ",
    "get [data-test-id=\"submitButtonWizardCreateTemplate\"]",
    "assert expected **<button.md-margin__right--s.mch-button.mch-button--default.mch-button--normal-primary.ng-star-inserted>** to be **enabled**",
    "get [data-test-id=\"submitButtonWizardCreateTemplate\"]",
    "last ",
    "scrollIntoView ",
    "assert expected **<button.md-margin__right--s.mch-button.mch-button--default.mch-button--normal-primary.ng-star-inserted>** to be **visible**",
    "click {timeout: 60000}",
    "xhr  POST https://cpapi-k.wbx2.com/api/v1/customers/3cb9811a-2927-44e2-add2-e839e55ef5b6/devices/linekeytemplates",
    "get .md-alert",
    "wait 1000",
    "xhr  POST https://prod-afra-general.svc.webex.com/metrics/api/v1/clientmetrics",
    "get body",
    "get .md-alert",
    "wait 1000",
    "get body",
    "get .md-alert",
    "invoke .text()",
    "assert expected **'&nbsp;created new wizard successfully&nbsp;'** to include **'created new wizard successfully'**",
    "get .md-alert",
    "within ",
    "get .md-alert__button button[aria-label=\"Close\"]",
    "click {multiple: true}"
  ],
  "screenshot": "should-create-line-key-template (failed).png"
}
